id,text,nextId,choiceA,choiceA_next,choiceB,choiceB_next,allowInput,action
0,おお、旅の方。少し話を聞いてもらえんか。,1,,,,,0,
1,来週の収穫祭で飾る灯篭が、どこを探しても見当たらんのだ。,2,,,,,0,
2,準備を手伝ってくれた村の者に話を聞いて、灯篭がどこへ行ったのか突き止めてくれんか？,2,引き受ける,3,今は無理,4,1,
3,ありがたい！村の者に聞いて回ってくれ。何か分かったら知らせてほしい。,-1,,,,,0,startQuest
4,そうか……気が変わったら声をかけてくれ。,-1,,,,,0,
100,まだ何か手がかりが足りなさそうだ。もう少し村の者に話を聞いてみてくれ。,-1,,,,,0,
200,おお、何か分かったようだな。聞かせてくれ。,201,,,,,0,
201,3日前、準備を始めた日に、村の若者たちが古い木箱を村の外の倉庫へ……。,202,,,,,0,
202,古い木箱――そうか、若者たちが灯篭を傷まないよう木箱にしまって、倉庫へ運んでくれていたのだな！,203,,,,,0,
203,さっそく倉庫へ取りに行こう。本当に助かった、ありがとう！,-1,,,,,0,complete
